{"cameraMode":{"drawMode":0,"name":"Shaded","section":"Shading Mode"},"sceneLighting":true,"audioPlay":false,"sceneViewState":{"showFog":true,"showMaterialUpdate":false,"showSkybox":true,"showFlares":true,"showImageEffects":true,"showParticleSystems":true},"in2DMode":false,"pivot":{"x":228.46067810058595,"y":89.58623504638672,"z":-60.78879165649414},"rotation":{"x":-0.21875493228435517,"y":-0.04798933118581772,"z":0.010771969333291054,"w":-0.974539577960968},"size":6.105373859405518,"orthographic":false}