{"cameraMode":{"drawMode":0,"name":"Shaded","section":"Shading Mode"},"sceneLighting":false,"audioPlay":false,"sceneViewState":{"showFog":true,"showMaterialUpdate":false,"showSkybox":false,"showFlares":true,"showImageEffects":true,"showParticleSystems":true},"in2DMode":false,"pivot":{"x":142.38604736328126,"y":4.816279411315918,"z":77.45750427246094},"rotation":{"x":-0.31560975313186648,"y":-0.03386898711323738,"z":0.011272953823208809,"w":-0.9482174515724182},"size":51.418521881103519,"orthographic":false}