{"cameraMode":{"drawMode":0,"name":"Shaded","section":"Shading Mode"},"sceneLighting":false,"audioPlay":false,"sceneViewState":{"showFog":true,"showMaterialUpdate":false,"showSkybox":false,"showFlares":true,"showImageEffects":true,"showParticleSystems":true},"in2DMode":false,"pivot":{"x":34.997962951660159,"y":15.131961822509766,"z":-6.322689056396484},"rotation":{"x":-0.2741577625274658,"y":-0.14045308530330659,"z":0.040510714054107669,"w":-0.9505100250244141},"size":141.79898071289063,"orthographic":false}