{"cameraMode":{"drawMode":0,"name":"Shaded","section":"Shading Mode"},"sceneLighting":true,"audioPlay":false,"sceneViewState":{"showFog":true,"showMaterialUpdate":false,"showSkybox":true,"showFlares":true,"showImageEffects":true,"showParticleSystems":true},"in2DMode":false,"pivot":{"x":238.83026123046876,"y":40.55369567871094,"z":76.00264739990235},"rotation":{"x":-0.36845168471336367,"y":0.10315178334712982,"z":-0.04117777571082115,"w":-0.9229883551597595},"size":193.6414031982422,"orthographic":false}