{"cameraMode":{"drawMode":0,"name":"Shaded","section":"Shading Mode"},"sceneLighting":false,"audioPlay":false,"sceneViewState":{"showFog":false,"showMaterialUpdate":false,"showSkybox":false,"showFlares":false,"showImageEffects":false,"showParticleSystems":true},"in2DMode":false,"pivot":{"x":233.20294189453126,"y":56.52831268310547,"z":84.78689575195313},"rotation":{"x":-0.3718871772289276,"y":0.03396117314696312,"z":-0.013616164214909077,"w":-0.927556574344635},"size":73.40222930908203,"orthographic":false}