{"cameraMode":{"drawMode":0,"name":"Shaded","section":"Shading Mode"},"sceneLighting":false,"audioPlay":false,"sceneViewState":{"showFog":false,"showMaterialUpdate":false,"showSkybox":false,"showFlares":false,"showImageEffects":false,"showParticleSystems":true},"in2DMode":false,"pivot":{"x":160.68606567382813,"y":25.374469757080079,"z":56.67790603637695},"rotation":{"x":-0.12296880781650543,"y":0.02143184095621109,"z":-0.0026562686543911697,"w":-0.9921755790710449},"size":14.391059875488282,"orthographic":false}