{"cameraMode":{"drawMode":0,"name":"Shaded","section":"Shading Mode"},"sceneLighting":false,"audioPlay":false,"sceneViewState":{"showFog":false,"showMaterialUpdate":false,"showSkybox":false,"showFlares":false,"showImageEffects":false,"showParticleSystems":true},"in2DMode":false,"pivot":{"x":146.90432739257813,"y":-15.741775512695313,"z":90.82173919677735},"rotation":{"x":-0.2882557809352875,"y":-0.04967113584280014,"z":0.014974595047533512,"w":-0.9561470746994019},"size":164.01553344726563,"orthographic":false}