{"cameraMode":{"drawMode":0,"name":"Shaded","section":"Shading Mode"},"sceneLighting":false,"audioPlay":false,"sceneViewState":{"showFog":false,"showMaterialUpdate":false,"showSkybox":false,"showFlares":false,"showImageEffects":false,"showParticleSystems":true},"in2DMode":false,"pivot":{"x":116.80000305175781,"y":8.988846778869629,"z":51.79999923706055},"rotation":{"x":-0.2882557809352875,"y":-0.04967113584280014,"z":0.014974595047533512,"w":-0.9561470746994019},"size":63.573944091796878,"orthographic":false}