{"cameraMode":{"drawMode":0,"name":"Shaded","section":"Shading Mode"},"sceneLighting":false,"audioPlay":false,"sceneViewState":{"showFog":false,"showMaterialUpdate":false,"showSkybox":false,"showFlares":false,"showImageEffects":false,"showParticleSystems":true},"in2DMode":false,"pivot":{"x":255.1180419921875,"y":27.578758239746095,"z":80.44883728027344},"rotation":{"x":-0.2669481337070465,"y":-0.023995883762836458,"z":0.0066489968448877338,"w":-0.9633892178535461},"size":101.8256607055664,"orthographic":false}