{"cameraMode":{"drawMode":0,"name":"Shaded","section":"Shading Mode"},"sceneLighting":true,"audioPlay":false,"sceneViewState":{"showFog":true,"showMaterialUpdate":false,"showSkybox":true,"showFlares":true,"showImageEffects":true,"showParticleSystems":true},"in2DMode":false,"pivot":{"x":248.98651123046876,"y":25.232563018798829,"z":123.66316223144531},"rotation":{"x":0.20195163786411286,"y":0.05785435438156128,"z":-0.011951576918363572,"w":0.9776121973991394},"size":217.75381469726563,"orthographic":false}